-- CREATE DATABASE
CREATE DATABASE NorthwindFullData;
GO
USE NorthwindFullData;

-- CREATE TABLES

CREATE TABLE Customers(
  CustomerID INT PRIMARY KEY,
  CustomerName VARCHAR(255),
  Address VARCHAR(255),
  City VARCHAR(63),
  Country VARCHAR(63)
);

CREATE TABLE Products(
  ProductID INT PRIMARY KEY,
  ProductName VARCHAR(255),
  Category VARCHAR(63),
  Unit VARCHAR(255),
  Price DECIMAL
);

CREATE TABLE Orders(
  OrderID INT PRIMARY KEY,
  CustomerID INT,
  OrderDate DATE
);

CREATE TABLE OrderDetails(
  OrderDetailID INT PRIMARY KEY,
  OrderID INT,
  ProductID INT,
  Quantity INT
);

--
-- ADD DATA TO TABLES

-- Customers
INSERT INTO Customers VALUES(1, 'Alfreds Futterkiste', 'Obere Str. 57', 'Berlin', 'Germany');
INSERT INTO Customers VALUES(2, 'Ana Trujillo Emparedados y helados', 'Avda. de la Constitución 2222', 'México D.F.', 'Mexico');
INSERT INTO Customers VALUES(3, 'Antonio Moreno Taquería', 'Mataderos 2312', 'México D.F.', 'Mexico');
INSERT INTO Customers VALUES(4, 'Around the Horn', '120 Hanover Sq.', 'London', 'UK');
INSERT INTO Customers VALUES(5, 'Berglunds snabbköp', 'Berguvsvägen 8', 'Luleå', 'Sweden');
INSERT INTO Customers VALUES(6, 'Blauer See Delikatessen', 'Forsterstr. 57', 'Mannheim', 'Germany');
INSERT INTO Customers VALUES(7, 'Blondel père et fils', '24, place Kléber', 'Strasbourg', 'France');
INSERT INTO Customers VALUES(8, 'Bólido Comidas preparadas', 'C/ Araquil, 67', 'Madrid', 'Spain');
INSERT INTO Customers VALUES(9, 'Bon app''', '12, rue des Bouchers', 'Marseille', 'France');
INSERT INTO Customers VALUES(10, 'Bottom-Dollar Marketse', '23 Tsawassen Blvd.', 'Tsawassen', 'Canada');
INSERT INTO Customers VALUES(11, 'B''s Beverages', 'Fauntleroy Circus', 'London', 'UK');
INSERT INTO Customers VALUES(12, 'Cactus Comidas para llevar', 'Cerrito 333', 'Buenos Aires', 'Argentina');
INSERT INTO Customers VALUES(13, 'Centro comercial Moctezuma', 'Sierras de Granada 9993', 'México D.F.', 'Mexico');
INSERT INTO Customers VALUES(14, 'Chop-suey Chinese', 'Hauptstr. 29', 'Bern', 'Switzerland');
INSERT INTO Customers VALUES(15, 'Comércio Mineiro', 'Av. dos Lusíadas, 23', 'São Paulo', 'Brazil');
INSERT INTO Customers VALUES(16, 'Consolidated Holdings', 'Berkeley Gardens 12 Brewery', 'London', 'UK');
INSERT INTO Customers VALUES(17, 'Drachenblut Delikatessend', 'Walserweg 21', 'Aachen', 'Germany');
INSERT INTO Customers VALUES(18, 'Du monde entier', '67, rue des Cinquante Otages', 'Nantes', 'France');
INSERT INTO Customers VALUES(19, 'Eastern Connection', '35 King George', 'London', 'UK');
INSERT INTO Customers VALUES(20, 'Ernst Handel', 'Kirchgasse 6', 'Graz', 'Austria');
INSERT INTO Customers VALUES(21, 'Familia Arquibaldo', 'Rua Orós, 92', 'São Paulo', 'Brazil');
INSERT INTO Customers VALUES(22, 'FISSA Fabrica Inter. Salchichas S.A.', 'C/ Moralzarzal, 86', 'Madrid', 'Spain');
INSERT INTO Customers VALUES(23, 'Folies gourmandes', '184, chaussée de Tournai', 'Lille', 'France');
INSERT INTO Customers VALUES(24, 'Folk och fä HB', 'Åkergatan 24', 'Bräcke', 'Sweden');
INSERT INTO Customers VALUES(25, 'Frankenversand', 'Berliner Platz 43', 'München', 'Germany');
INSERT INTO Customers VALUES(26, 'France restauration', '54, rue Royale', 'Nantes', 'France');
INSERT INTO Customers VALUES(27, 'Franchi S.p.A.', 'Via Monte Bianco 34', 'Torino', 'Italy');
INSERT INTO Customers VALUES(28, 'Furia Bacalhau e Frutos do Mar', 'Jardim das rosas n. 32', 'Lisboa', 'Portugal');
INSERT INTO Customers VALUES(29, 'Galería del gastrónomo', 'Rambla de Cataluña, 23', 'Barcelona', 'Spain');
INSERT INTO Customers VALUES(30, 'Godos Cocina Típica', 'C/ Romero, 33', 'Sevilla', 'Spain');
INSERT INTO Customers VALUES(31, 'Gourmet Lanchonetes', 'Av. Brasil, 442', 'Campinas', 'Brazil');
INSERT INTO Customers VALUES(32, 'Great Lakes Food Market', '2732 Baker Blvd.', 'Eugene', 'USA');
INSERT INTO Customers VALUES(33, 'GROSELLA-Restaurante', '5ª Ave. Los Palos Grandes', 'Caracas', 'Venezuela');
INSERT INTO Customers VALUES(34, 'Hanari Carnes', 'Rua do Paço, 67', 'Rio de Janeiro', 'Brazil');
INSERT INTO Customers VALUES(35, 'HILARIÓN-Abastos', 'Carrera 22 con Ave. Carlos Soublette #8-35', 'San Cristóbal', 'Venezuela');
INSERT INTO Customers VALUES(36, 'Hungry Coyote Import Store', 'City Center Plaza 516 Main St.', 'Elgin', 'USA');
INSERT INTO Customers VALUES(37, 'Hungry Owl All-Night Grocers', '8 Johnstown Road', 'Cork', 'Ireland');
INSERT INTO Customers VALUES(38, 'Island Trading', 'Garden House Crowther Way', 'Cowes', 'UK');
INSERT INTO Customers VALUES(39, 'Königlich Essen', 'Maubelstr. 90', 'Brandenburg', 'Germany');
INSERT INTO Customers VALUES(40, 'La corne d''abondance', '67, avenue de l''Europe', 'Versailles', 'France');
INSERT INTO Customers VALUES(41, 'La maison d''Asie', '1 rue Alsace-Lorraine', 'Toulouse', 'France');
INSERT INTO Customers VALUES(42, 'Laughing Bacchus Wine Cellars', '1900 Oak St.', 'Vancouver', 'Canada');
INSERT INTO Customers VALUES(43, 'Lazy K Kountry Store', '12 Orchestra Terrace', 'Walla Walla', 'USA');
INSERT INTO Customers VALUES(44, 'Lehmanns Marktstand', 'Magazinweg 7', 'Frankfurt a.M.', 'Germany');
INSERT INTO Customers VALUES(45, 'Let''s Stop N Shop', '87 Polk St. Suite 5', 'San Francisco', 'USA');
INSERT INTO Customers VALUES(46, 'LILA-Supermercado', 'Carrera 52 con Ave. Bolívar #65-98 Llano Largo', 'Barquisimeto', 'Venezuela');
INSERT INTO Customers VALUES(47, 'LINO-Delicateses', 'Ave. 5 de Mayo Porlamar', 'I. de Margarita', 'Venezuela');
INSERT INTO Customers VALUES(48, 'Lonesome Pine Restaurant', '89 Chiaroscuro Rd.', 'Portland', 'USA');
INSERT INTO Customers VALUES(49, 'Magazzini Alimentari Riuniti', 'Via Ludovico il Moro 22', 'Bergamo', 'Italy');
INSERT INTO Customers VALUES(50, 'Maison Dewey', 'Rue Joseph-Bens 532', 'Bruxelles', 'Belgium');
INSERT INTO Customers VALUES(51, 'Mère Paillarde', '43 rue St. Laurent', 'Montréal', 'Canada');
INSERT INTO Customers VALUES(52, 'Morgenstern Gesundkost', 'Heerstr. 22', 'Leipzig', 'Germany');
INSERT INTO Customers VALUES(53, 'North/South', 'South House 300 Queensbridge', 'London', 'UK');
INSERT INTO Customers VALUES(54, 'Océano Atlántico Ltda.', 'Ing. Gustavo Moncada 8585 Piso 20-A', 'Buenos Aires', 'Argentina');
INSERT INTO Customers VALUES(55, 'Old World Delicatessen', '2743 Bering St.', 'Anchorage', 'USA');
INSERT INTO Customers VALUES(56, 'Ottilies Käseladen', 'Mehrheimerstr. 369', 'Köln', 'Germany');
INSERT INTO Customers VALUES(57, 'Paris spécialités', '265, boulevard Charonne', 'Paris', 'France');
INSERT INTO Customers VALUES(58, 'Pericles Comidas clásicas', 'Calle Dr. Jorge Cash 321', 'México D.F.', 'Mexico');
INSERT INTO Customers VALUES(59, 'Piccolo und mehr', 'Geislweg 14', 'Salzburg', 'Austria');
INSERT INTO Customers VALUES(60, 'Princesa Isabel Vinhoss', 'Estrada da saúde n. 58', 'Lisboa', 'Portugal');
INSERT INTO Customers VALUES(61, 'Que Delícia', 'Rua da Panificadora, 12', 'Rio de Janeiro', 'Brazil');
INSERT INTO Customers VALUES(62, 'Queen Cozinha', 'Alameda dos Canàrios, 891', 'São Paulo', 'Brazil');
INSERT INTO Customers VALUES(63, 'QUICK-Stop', 'Taucherstraße 10', 'Cunewalde', 'Germany');
INSERT INTO Customers VALUES(64, 'Rancho grande', 'Av. del Libertador 900', 'Buenos Aires', 'Argentina');
INSERT INTO Customers VALUES(65, 'Rattlesnake Canyon Grocery', '2817 Milton Dr.', 'Albuquerque', 'USA');
INSERT INTO Customers VALUES(66, 'Reggiani Caseifici', 'Strada Provinciale 124', 'Reggio Emilia', 'Italy');
INSERT INTO Customers VALUES(67, 'Ricardo Adocicados', 'Av. Copacabana, 267', 'Rio de Janeiro', 'Brazil');
INSERT INTO Customers VALUES(68, 'Richter Supermarkt', 'Grenzacherweg 237', 'Genève', 'Switzerland');
INSERT INTO Customers VALUES(69, 'Romero y tomillo', 'Gran Vía, 1', 'Madrid', 'Spain');
INSERT INTO Customers VALUES(70, 'Santé Gourmet', 'Erling Skakkes gate 78', 'Stavern', 'Norway');
INSERT INTO Customers VALUES(71, 'Save-a-lot Markets', '187 Suffolk Ln.', 'Boise', 'USA');
INSERT INTO Customers VALUES(72, 'Seven Seas Imports', '90 Wadhurst Rd.', 'London', 'UK');
INSERT INTO Customers VALUES(73, 'Simons bistro', 'Vinbæltet 34', 'København', 'Denmark');
INSERT INTO Customers VALUES(74, 'Spécialités du monde', '25, rue Lauriston', 'Paris', 'France');
INSERT INTO Customers VALUES(75, 'Split Rail Beer & Ale', 'P.O. Box 555', 'Lander', 'USA');
INSERT INTO Customers VALUES(76, 'Suprêmes délices', 'Boulevard Tirou, 255', 'Charleroi', 'Belgium');
INSERT INTO Customers VALUES(77, 'The Big Cheese', '89 Jefferson Way Suite 2', 'Portland', 'USA');
INSERT INTO Customers VALUES(78, 'The Cracker Box', '55 Grizzly Peak Rd.', 'Butte', 'USA');
INSERT INTO Customers VALUES(79, 'Toms Spezialitäten', 'Luisenstr. 48', 'Münster', 'Germany');
INSERT INTO Customers VALUES(80, 'Tortuga Restaurante', 'Avda. Azteca 123', 'México D.F.', 'Mexico');
INSERT INTO Customers VALUES(81, 'Tradição Hipermercados', 'Av. Inês de Castro, 414', 'São Paulo', 'Brazil');
INSERT INTO Customers VALUES(82, 'Trail''s Head Gourmet Provisioners', '722 DaVinci Blvd.', 'Kirkland', 'USA');
INSERT INTO Customers VALUES(83, 'Vaffeljernet', 'Smagsløget 45', 'Århus', 'Denmark');
INSERT INTO Customers VALUES(84, 'Victuailles en stock', '2, rue du Commerce', 'Lyon', 'France');
INSERT INTO Customers VALUES(85, 'Vins et alcools Chevalier', '59 rue de l''Abbaye', 'Reims', 'France');
INSERT INTO Customers VALUES(86, 'Die Wandernde Kuh', 'Adenauerallee 900', 'Stuttgart', 'Germany');
INSERT INTO Customers VALUES(87, 'Wartian Herkku', 'Torikatu 38', 'Oulu', 'Finland');
INSERT INTO Customers VALUES(88, 'Wellington Importadora', 'Rua do Mercado, 12', 'Resende', 'Brazil');
INSERT INTO Customers VALUES(89, 'White Clover Markets', '305 - 14th Ave. S. Suite 3B', 'Seattle', 'USA');
INSERT INTO Customers VALUES(90, 'Wilman Kala', 'Keskuskatu 45', 'Helsinki', 'Finland');
INSERT INTO Customers VALUES(91, 'Wolski', 'ul. Filtrowa 68', 'Walla', 'Poland');
INSERT INTO Customers VALUES(94, 'Grandma Kelly''s Homestead', null, 'Ann Arbor', '');
INSERT INTO Customers VALUES(95, 'Tokyo Traders', null, 'Tokyo', '');
INSERT INTO Customers VALUES(96, 'Cooperativa de Quesos ''Las Cabras''', null, 'Oviedo', '');
INSERT INTO Customers VALUES(97, 'Mayumi''s', null, 'Osaka', '');
INSERT INTO Customers VALUES(98, 'Pavlova, Ltd.', null, 'Melbourne', '');
INSERT INTO Customers VALUES(99, 'Specialty Biscuits, Ltd.', null, 'Manchester', '');
INSERT INTO Customers VALUES(100, 'PB Knäckebröd AB', null, 'Göteborg', '');
INSERT INTO Customers VALUES(101, 'Refrescos Americanas LTDA', null, 'São Paulo', '');
INSERT INTO Customers VALUES(102, 'Heli Süßwaren GmbH & Co. KG', null, 'Berlin', '');
INSERT INTO Customers VALUES(103, 'Plutzer Lebensmittelgroßmärkte AG', null, 'Frankfurt', '');
INSERT INTO Customers VALUES(104, 'Nord-Ost-Fisch Handelsgesellschaft mbH', null, 'Cuxhaven', '');
INSERT INTO Customers VALUES(105, 'Formaggi Fortini s.r.l.', null, 'Ravenna', '');
INSERT INTO Customers VALUES(106, 'Norske Meierier', null, 'Sandvika', '');
INSERT INTO Customers VALUES(107, 'Bigfoot Breweries', null, 'Bend', '');
INSERT INTO Customers VALUES(108, 'Svensk Sjöföda AB', null, 'Stockholm', '');
INSERT INTO Customers VALUES(109, 'Aux joyeux ecclésiastiques', null, 'Paris', '');
INSERT INTO Customers VALUES(110, 'New England Seafood Cannery', null, 'Boston', '');
INSERT INTO Customers VALUES(111, 'Leka Trading', null, 'Singapore', '');
INSERT INTO Customers VALUES(112, 'Lyngbysild', null, 'Lyngby', '');
INSERT INTO Customers VALUES(113, 'Zaanse Snoepfabriek', null, 'Zaandam', '');
INSERT INTO Customers VALUES(114, 'Karkki Oy', null, 'Lappeenranta', '');
INSERT INTO Customers VALUES(115, 'G''day, Mate', null, 'Sydney', '');
INSERT INTO Customers VALUES(116, 'Ma Maison', null, 'Montréal', '');
INSERT INTO Customers VALUES(117, 'Pasta Buttini s.r.l.', null, 'Salerno', '');
INSERT INTO Customers VALUES(118, 'Escargots Nouveaux', null, 'Montceau', '');
INSERT INTO Customers VALUES(119, 'Gai pâturage', null, 'Annecy', '');
INSERT INTO Customers VALUES(120, 'Forêts d''érables', null, 'Ste-Hyacinthe', '');
INSERT INTO Customers VALUES(121, 'Heli Süßwaren GmbH & Co. KG', null, 'Berlin', '');
INSERT INTO Customers VALUES(122, 'Plutzer Lebensmittelgroßmärkte AG', null, 'Frankfurt', '');
INSERT INTO Customers VALUES(123, 'Nord-Ost-Fisch Handelsgesellschaft mbH', null, 'Cuxhaven', '');

-- Products
INSERT INTO Products VALUES(1, 'Chais', 'Beverages', '10 boxes x 20 bags', 18);
INSERT INTO Products VALUES(2, 'Chang', 'Beverages', '24 - 12 oz bottles', 19);
INSERT INTO Products VALUES(3, 'Aniseed Syrup', 'Condiments', '12 - 550 ml bottles', 10);
INSERT INTO Products VALUES(4, 'Chef Anton''s Cajun Seasoning', 'Condiments', '48 - 6 oz jars', 22);
INSERT INTO Products VALUES(5, 'Chef Anton''s Gumbo Mix', 'Condiments', '36 boxes', 21.35);
INSERT INTO Products VALUES(6, 'Grandma''s Boysenberry Spread', 'Condiments', '12 - 8 oz jars', 25);
INSERT INTO Products VALUES(7, 'Uncle Bob''s Organic Dried Pears', 'Produce', '12 - 1 lb pkgs.', 30);
INSERT INTO Products VALUES(8, 'Northwoods Cranberry Sauce', 'Condiments', '12 - 12 oz jars', 40);
INSERT INTO Products VALUES(9, 'Mishi Kobe Niku', 'Meat/Poultry', '18 - 500 g pkgs.', 97);
INSERT INTO Products VALUES(10, 'Ikura', 'Seafood', '12 - 200 ml jars', 31);
INSERT INTO Products VALUES(11, 'Queso Cabrales', 'Dairy Products', '1 kg pkg.', 21);
INSERT INTO Products VALUES(12, 'Queso Manchego La Pastora', 'Dairy Products', '10 - 500 g pkgs.', 38);
INSERT INTO Products VALUES(13, 'Konbu', 'Seafood', '2 kg box', 6);
INSERT INTO Products VALUES(14, 'Tofu', 'Produce', '40 - 100 g pkgs.', 23.25);
INSERT INTO Products VALUES(15, 'Genen Shouyu', 'Condiments', '24 - 250 ml bottles', 15.5);
INSERT INTO Products VALUES(16, 'Pavlova', 'Confections', '32 - 500 g boxes', 17.45);
INSERT INTO Products VALUES(17, 'Alice Mutton', 'Meat/Poultry', '20 - 1 kg tins', 39);
INSERT INTO Products VALUES(18, 'Carnarvon Tigers', 'Seafood', '16 kg pkg.', 62.5);
INSERT INTO Products VALUES(19, 'Teatime Chocolate Biscuits', 'Confections', '10 boxes x 12 pieces', 9.2);
INSERT INTO Products VALUES(20, 'Sir Rodney''s Marmalade', 'Confections', '30 gift boxes', 81);
INSERT INTO Products VALUES(21, 'Sir Rodney''s Scones', 'Confections', '24 pkgs. x 4 pieces', 10);
INSERT INTO Products VALUES(22, 'Gustaf''s Knäckebröd', 'Grains/Cereals', '24 - 500 g pkgs.', 21);
INSERT INTO Products VALUES(23, 'Tunnbröd', 'Grains/Cereals', '12 - 250 g pkgs.', 9);
INSERT INTO Products VALUES(24, 'Guaraná Fantástica', 'Beverages', '12 - 355 ml cans', 4.5);
INSERT INTO Products VALUES(25, 'NuNuCa Nuß-Nougat-Creme', 'Confections', '20 - 450 g glasses', 14);
INSERT INTO Products VALUES(26, 'Gumbär Gummibärchen', 'Confections', '100 - 250 g bags', 31.23);
INSERT INTO Products VALUES(27, 'Schoggi Schokolade', 'Confections', '100 - 100 g pieces', 43.9);
INSERT INTO Products VALUES(28, 'Rössle Sauerkraut', 'Produce', '25 - 825 g cans', 45.6);
INSERT INTO Products VALUES(29, 'Thüringer Rostbratwurst', 'Meat/Poultry', '50 bags x 30 sausgs.', 123.79);
INSERT INTO Products VALUES(30, 'Nord-Ost Matjeshering', 'Seafood', '10 - 200 g glasses', 25.89);
INSERT INTO Products VALUES(31, 'Gorgonzola Telino', 'Dairy Products', '12 - 100 g pkgs', 12.5);
INSERT INTO Products VALUES(32, 'Mascarpone Fabioli', 'Dairy Products', '24 - 200 g pkgs.', 32);
INSERT INTO Products VALUES(33, 'Geitost', 'Dairy Products', '500 g', 2.5);
INSERT INTO Products VALUES(34, 'Sasquatch Ale', 'Beverages', '24 - 12 oz bottles', 14);
INSERT INTO Products VALUES(35, 'Steeleye Stout', 'Beverages', '24 - 12 oz bottles', 18);
INSERT INTO Products VALUES(36, 'Inlagd Sill', 'Seafood', '24 - 250 g jars', 19);
INSERT INTO Products VALUES(37, 'Gravad lax', 'Seafood', '12 - 500 g pkgs.', 26);
INSERT INTO Products VALUES(38, 'Côte de Blaye', 'Beverages', '12 - 75 cl bottles', 263.5);
INSERT INTO Products VALUES(39, 'Chartreuse verte', 'Beverages', '750 cc per bottle', 18);
INSERT INTO Products VALUES(40, 'Boston Crab Meat', 'Seafood', '24 - 4 oz tins', 18.4);
INSERT INTO Products VALUES(41, 'Jack''s New England Clam Chowder', 'Seafood', '12 - 12 oz cans', 9.65);
INSERT INTO Products VALUES(42, 'Singaporean Hokkien Fried Mee', 'Grains/Cereals', '32 - 1 kg pkgs.', 14);
INSERT INTO Products VALUES(43, 'Ipoh Coffee', 'Beverages', '16 - 500 g tins', 46);
INSERT INTO Products VALUES(44, 'Gula Malacca', 'Condiments', '20 - 2 kg bags', 19.45);
INSERT INTO Products VALUES(45, 'Røgede sild', 'Seafood', '1k pkg.', 9.5);
INSERT INTO Products VALUES(46, 'Spegesild', 'Seafood', '4 - 450 g glasses', 12);
INSERT INTO Products VALUES(47, 'Zaanse koeken', 'Confections', '10 - 4 oz boxes', 9.5);
INSERT INTO Products VALUES(48, 'Chocolade', 'Confections', '10 pkgs.', 12.75);
INSERT INTO Products VALUES(49, 'Maxilaku', 'Confections', '24 - 50 g pkgs.', 20);
INSERT INTO Products VALUES(50, 'Valkoinen suklaa', 'Confections', '12 - 100 g bars', 16.25);
INSERT INTO Products VALUES(51, 'Manjimup Dried Apples', 'Produce', '50 - 300 g pkgs.', 53);
INSERT INTO Products VALUES(52, 'Filo Mix', 'Grains/Cereals', '16 - 2 kg boxes', 7);
INSERT INTO Products VALUES(53, 'Perth Pasties', 'Meat/Poultry', '48 pieces', 32.8);
INSERT INTO Products VALUES(54, 'Tourtière', 'Meat/Poultry', '16 pies', 7.45);
INSERT INTO Products VALUES(55, 'Pâté chinois', 'Meat/Poultry', '24 boxes x 2 pies', 24);
INSERT INTO Products VALUES(56, 'Gnocchi di nonna Alice', 'Grains/Cereals', '24 - 250 g pkgs.', 38);
INSERT INTO Products VALUES(57, 'Ravioli Angelo', 'Grains/Cereals', '24 - 250 g pkgs.', 19.5);
INSERT INTO Products VALUES(58, 'Escargots de Bourgogne', 'Seafood', '24 pieces', 13.25);
INSERT INTO Products VALUES(59, 'Raclette Courdavault', 'Dairy Products', '5 kg pkg.', 55);
INSERT INTO Products VALUES(60, 'Camembert Pierrot', 'Dairy Products', '15 - 300 g rounds', 34);
INSERT INTO Products VALUES(61, 'Sirop d''érable', 'Condiments', '24 - 500 ml bottles', 28.5);
INSERT INTO Products VALUES(62, 'Tarte au sucre', 'Confections', '48 pies', 49.3);
INSERT INTO Products VALUES(63, 'Vegie-spread', 'Condiments', '15 - 625 g jars', 43.9);
INSERT INTO Products VALUES(64, 'Wimmers gute Semmelknödel', 'Grains/Cereals', '20 bags x 4 pieces', 33.25);
INSERT INTO Products VALUES(65, 'Louisiana Fiery Hot Pepper Sauce', 'Condiments', '32 - 8 oz bottles', 21.05);
INSERT INTO Products VALUES(66, 'Louisiana Hot Spiced Okra', 'Condiments', '24 - 8 oz jars', 17);
INSERT INTO Products VALUES(67, 'Laughing Lumberjack Lager', 'Beverages', '24 - 12 oz bottles', 14);
INSERT INTO Products VALUES(68, 'Scottish Longbreads', 'Confections', '10 boxes x 8 pieces', 12.5);
INSERT INTO Products VALUES(69, 'Gudbrandsdalsost', 'Dairy Products', '10 kg pkg.', 36);
INSERT INTO Products VALUES(70, 'Outback Lager', 'Beverages', '24 - 355 ml bottles', 15);
INSERT INTO Products VALUES(71, 'Fløtemysost', 'Dairy Products', '10 - 500 g pkgs.', 21.5);
INSERT INTO Products VALUES(72, 'Mozzarella di Giovanni', 'Dairy Products', '24 - 200 g pkgs.', 34.8);
INSERT INTO Products VALUES(73, 'Röd Kaviar', 'Seafood', '24 - 150 g jars', 15);
INSERT INTO Products VALUES(74, 'Longlife Tofu', 'Produce', '5 kg pkg.', 10);
INSERT INTO Products VALUES(75, 'Rhönbräu Klosterbier', 'Beverages', '24 - 0.5 l bottles', 7.75);
INSERT INTO Products VALUES(76, 'Lakkalikööri', 'Beverages', '500 ml', 18);
INSERT INTO Products VALUES(77, 'Original Frankfurter grüne Soße', 'Condiments', '12 boxes', 13);

-- Orders
INSERT INTO Orders VALUES(10248, 90, '1996-07-04');
INSERT INTO Orders VALUES(10249, 81, '1996-07-05');
INSERT INTO Orders VALUES(10250, 34, '1996-07-08');
INSERT INTO Orders VALUES(10251, 84, '1996-07-08');
INSERT INTO Orders VALUES(10252, 76, '1996-07-09');
INSERT INTO Orders VALUES(10253, 34, '1996-07-10');
INSERT INTO Orders VALUES(10254, 14, '1996-07-11');
INSERT INTO Orders VALUES(10255, 68, '1996-07-12');
INSERT INTO Orders VALUES(10256, 88, '1996-07-15');
INSERT INTO Orders VALUES(10257, 35, '1996-07-16');
INSERT INTO Orders VALUES(10258, 20, '1996-07-17');
INSERT INTO Orders VALUES(10259, 13, '1996-07-18');
INSERT INTO Orders VALUES(10260, 55, '1996-07-19');
INSERT INTO Orders VALUES(10261, 61, '1996-07-19');
INSERT INTO Orders VALUES(10262, 65, '1996-07-22');
INSERT INTO Orders VALUES(10263, 20, '1996-07-23');
INSERT INTO Orders VALUES(10264, 24, '1996-07-24');
INSERT INTO Orders VALUES(10265, 7, '1996-07-25');
INSERT INTO Orders VALUES(10266, 87, '1996-07-26');
INSERT INTO Orders VALUES(10267, 25, '1996-07-29');
INSERT INTO Orders VALUES(10268, 33, '1996-07-30');
INSERT INTO Orders VALUES(10269, 89, '1996-07-31');
INSERT INTO Orders VALUES(10270, 87, '1996-08-01');
INSERT INTO Orders VALUES(10271, 75, '1996-08-01');
INSERT INTO Orders VALUES(10272, 65, '1996-08-02');
INSERT INTO Orders VALUES(10273, 63, '1996-08-05');
INSERT INTO Orders VALUES(10274, 85, '1996-08-06');
INSERT INTO Orders VALUES(10275, 49, '1996-08-07');
INSERT INTO Orders VALUES(10276, 80, '1996-08-08');
INSERT INTO Orders VALUES(10277, 52, '1996-08-09');
INSERT INTO Orders VALUES(10278, 5, '1996-08-12');
INSERT INTO Orders VALUES(10279, 44, '1996-08-13');
INSERT INTO Orders VALUES(10280, 5, '1996-08-14');
INSERT INTO Orders VALUES(10281, 69, '1996-08-14');
INSERT INTO Orders VALUES(10282, 69, '1996-08-15');
INSERT INTO Orders VALUES(10283, 46, '1996-08-16');
INSERT INTO Orders VALUES(10284, 44, '1996-08-19');
INSERT INTO Orders VALUES(10285, 63, '1996-08-20');
INSERT INTO Orders VALUES(10286, 63, '1996-08-21');
INSERT INTO Orders VALUES(10287, 67, '1996-08-22');
INSERT INTO Orders VALUES(10288, 66, '1996-08-23');
INSERT INTO Orders VALUES(10289, 11, '1996-08-26');
INSERT INTO Orders VALUES(10290, 15, '1996-08-27');
INSERT INTO Orders VALUES(10291, 61, '1996-08-27');
INSERT INTO Orders VALUES(10292, 81, '1996-08-28');
INSERT INTO Orders VALUES(10293, 80, '1996-08-29');
INSERT INTO Orders VALUES(10294, 65, '1996-08-30');
INSERT INTO Orders VALUES(10295, 85, '1996-09-02');
INSERT INTO Orders VALUES(10296, 46, '1996-09-03');
INSERT INTO Orders VALUES(10297, 7, '1996-09-04');
INSERT INTO Orders VALUES(10298, 37, '1996-09-05');
INSERT INTO Orders VALUES(10299, 67, '1996-09-06');
INSERT INTO Orders VALUES(10300, 49, '1996-09-09');
INSERT INTO Orders VALUES(10301, 86, '1996-09-09');
INSERT INTO Orders VALUES(10302, 76, '1996-09-10');
INSERT INTO Orders VALUES(10303, 30, '1996-09-11');
INSERT INTO Orders VALUES(10304, 80, '1996-09-12');
INSERT INTO Orders VALUES(10305, 55, '1996-09-13');
INSERT INTO Orders VALUES(10306, 69, '1996-09-16');
INSERT INTO Orders VALUES(10307, 48, '1996-09-17');
INSERT INTO Orders VALUES(10308, 2, '1996-09-18');
INSERT INTO Orders VALUES(10309, 37, '1996-09-19');
INSERT INTO Orders VALUES(10310, 77, '1996-09-20');
INSERT INTO Orders VALUES(10311, 18, '1996-09-20');
INSERT INTO Orders VALUES(10312, 86, '1996-09-23');
INSERT INTO Orders VALUES(10313, 63, '1996-09-24');
INSERT INTO Orders VALUES(10314, 65, '1996-09-25');
INSERT INTO Orders VALUES(10315, 38, '1996-09-26');
INSERT INTO Orders VALUES(10316, 65, '1996-09-27');
INSERT INTO Orders VALUES(10317, 48, '1996-09-30');
INSERT INTO Orders VALUES(10318, 38, '1996-10-01');
INSERT INTO Orders VALUES(10319, 80, '1996-10-02');
INSERT INTO Orders VALUES(10320, 87, '1996-10-03');
INSERT INTO Orders VALUES(10321, 38, '1996-10-03');
INSERT INTO Orders VALUES(10322, 58, '1996-10-04');
INSERT INTO Orders VALUES(10323, 39, '1996-10-07');
INSERT INTO Orders VALUES(10324, 71, '1996-10-08');
INSERT INTO Orders VALUES(10325, 39, '1996-10-09');
INSERT INTO Orders VALUES(10326, 8, '1996-10-10');
INSERT INTO Orders VALUES(10327, 24, '1996-10-11');
INSERT INTO Orders VALUES(10328, 28, '1996-10-14');
INSERT INTO Orders VALUES(10329, 75, '1996-10-15');
INSERT INTO Orders VALUES(10330, 46, '1996-10-16');
INSERT INTO Orders VALUES(10331, 9, '1996-10-16');
INSERT INTO Orders VALUES(10332, 51, '1996-10-17');
INSERT INTO Orders VALUES(10333, 87, '1996-10-18');
INSERT INTO Orders VALUES(10334, 84, '1996-10-21');
INSERT INTO Orders VALUES(10335, 37, '1996-10-22');
INSERT INTO Orders VALUES(10336, 60, '1996-10-23');
INSERT INTO Orders VALUES(10337, 25, '1996-10-24');
INSERT INTO Orders VALUES(10338, 55, '1996-10-25');
INSERT INTO Orders VALUES(10339, 51, '1996-10-28');
INSERT INTO Orders VALUES(10340, 9, '1996-10-29');
INSERT INTO Orders VALUES(10341, 73, '1996-10-29');
INSERT INTO Orders VALUES(10342, 25, '1996-10-30');
INSERT INTO Orders VALUES(10343, 44, '1996-10-31');
INSERT INTO Orders VALUES(10344, 89, '1996-11-01');
INSERT INTO Orders VALUES(10345, 63, '1996-11-04');
INSERT INTO Orders VALUES(10346, 65, '1996-11-05');
INSERT INTO Orders VALUES(10347, 21, '1996-11-06');
INSERT INTO Orders VALUES(10348, 86, '1996-11-07');
INSERT INTO Orders VALUES(10349, 75, '1996-11-08');
INSERT INTO Orders VALUES(10350, 41, '1996-11-11');
INSERT INTO Orders VALUES(10351, 20, '1996-11-11');
INSERT INTO Orders VALUES(10352, 28, '1996-11-12');
INSERT INTO Orders VALUES(10353, 59, '1996-11-13');
INSERT INTO Orders VALUES(10354, 58, '1996-11-14');
INSERT INTO Orders VALUES(10355, 4, '1996-11-15');
INSERT INTO Orders VALUES(10356, 86, '1996-11-18');
INSERT INTO Orders VALUES(10357, 46, '1996-11-19');
INSERT INTO Orders VALUES(10358, 41, '1996-11-20');
INSERT INTO Orders VALUES(10359, 72, '1996-11-21');
INSERT INTO Orders VALUES(10360, 7, '1996-11-22');
INSERT INTO Orders VALUES(10361, 63, '1996-11-22');
INSERT INTO Orders VALUES(10362, 9, '1996-11-25');
INSERT INTO Orders VALUES(10363, 17, '1996-11-26');
INSERT INTO Orders VALUES(10364, 19, '1996-11-26');
INSERT INTO Orders VALUES(10365, 3, '1996-11-27');
INSERT INTO Orders VALUES(10366, 29, '1996-11-28');
INSERT INTO Orders VALUES(10367, 83, '1996-11-28');
INSERT INTO Orders VALUES(10368, 20, '1996-11-29');
INSERT INTO Orders VALUES(10369, 75, '1996-12-02');
INSERT INTO Orders VALUES(10370, 14, '1996-12-03');
INSERT INTO Orders VALUES(10371, 41, '1996-12-03');
INSERT INTO Orders VALUES(10372, 62, '1996-12-04');
INSERT INTO Orders VALUES(10373, 37, '1996-12-05');
INSERT INTO Orders VALUES(10374, 91, '1996-12-05');
INSERT INTO Orders VALUES(10375, 36, '1996-12-06');
INSERT INTO Orders VALUES(10376, 51, '1996-12-09');
INSERT INTO Orders VALUES(10377, 72, '1996-12-09');
INSERT INTO Orders VALUES(10378, 24, '1996-12-10');
INSERT INTO Orders VALUES(10379, 61, '1996-12-11');
INSERT INTO Orders VALUES(10380, 37, '1996-12-12');
INSERT INTO Orders VALUES(10381, 46, '1996-12-12');
INSERT INTO Orders VALUES(10382, 20, '1996-12-13');
INSERT INTO Orders VALUES(10383, 4, '1996-12-16');
INSERT INTO Orders VALUES(10384, 5, '1996-12-16');
INSERT INTO Orders VALUES(10385, 75, '1996-12-17');
INSERT INTO Orders VALUES(10386, 21, '1996-12-18');
INSERT INTO Orders VALUES(10387, 70, '1996-12-18');
INSERT INTO Orders VALUES(10388, 72, '1996-12-19');
INSERT INTO Orders VALUES(10389, 10, '1996-12-20');
INSERT INTO Orders VALUES(10390, 20, '1996-12-23');
INSERT INTO Orders VALUES(10391, 17, '1996-12-23');
INSERT INTO Orders VALUES(10392, 59, '1996-12-24');
INSERT INTO Orders VALUES(10393, 71, '1996-12-25');
INSERT INTO Orders VALUES(10394, 36, '1996-12-25');
INSERT INTO Orders VALUES(10395, 35, '1996-12-26');
INSERT INTO Orders VALUES(10396, 25, '1996-12-27');
INSERT INTO Orders VALUES(10397, 60, '1996-12-27');
INSERT INTO Orders VALUES(10398, 71, '1996-12-30');
INSERT INTO Orders VALUES(10399, 83, '1996-12-31');
INSERT INTO Orders VALUES(10400, 19, '1997-01-01');
INSERT INTO Orders VALUES(10401, 65, '1997-01-01');
INSERT INTO Orders VALUES(10402, 20, '1997-01-02');
INSERT INTO Orders VALUES(10403, 20, '1997-01-03');
INSERT INTO Orders VALUES(10404, 49, '1997-01-03');
INSERT INTO Orders VALUES(10405, 47, '1997-01-06');
INSERT INTO Orders VALUES(10406, 62, '1997-01-07');
INSERT INTO Orders VALUES(10407, 56, '1997-01-07');
INSERT INTO Orders VALUES(10408, 23, '1997-01-08');
INSERT INTO Orders VALUES(10409, 54, '1997-01-09');
INSERT INTO Orders VALUES(10410, 10, '1997-01-10');
INSERT INTO Orders VALUES(10411, 10, '1997-01-10');
INSERT INTO Orders VALUES(10412, 87, '1997-01-13');
INSERT INTO Orders VALUES(10413, 41, '1997-01-14');
INSERT INTO Orders VALUES(10414, 21, '1997-01-14');
INSERT INTO Orders VALUES(10415, 36, '1997-01-15');
INSERT INTO Orders VALUES(10416, 87, '1997-01-16');
INSERT INTO Orders VALUES(10417, 73, '1997-01-16');
INSERT INTO Orders VALUES(10418, 63, '1997-01-17');
INSERT INTO Orders VALUES(10419, 68, '1997-01-20');
INSERT INTO Orders VALUES(10420, 88, '1997-01-21');
INSERT INTO Orders VALUES(10421, 61, '1997-01-21');
INSERT INTO Orders VALUES(10422, 27, '1997-01-22');
INSERT INTO Orders VALUES(10423, 31, '1997-01-23');
INSERT INTO Orders VALUES(10424, 51, '1997-01-23');
INSERT INTO Orders VALUES(10425, 41, '1997-01-24');
INSERT INTO Orders VALUES(10426, 29, '1997-01-27');
INSERT INTO Orders VALUES(10427, 59, '1997-01-27');
INSERT INTO Orders VALUES(10428, 66, '1997-01-28');
INSERT INTO Orders VALUES(10429, 37, '1997-01-29');
INSERT INTO Orders VALUES(10430, 20, '1997-01-30');
INSERT INTO Orders VALUES(10431, 10, '1997-01-30');
INSERT INTO Orders VALUES(10432, 75, '1997-01-31');
INSERT INTO Orders VALUES(10433, 60, '1997-02-03');
INSERT INTO Orders VALUES(10434, 24, '1997-02-03');
INSERT INTO Orders VALUES(10435, 16, '1997-02-04');
INSERT INTO Orders VALUES(10436, 7, '1997-02-05');
INSERT INTO Orders VALUES(10437, 87, '1997-02-05');
INSERT INTO Orders VALUES(10438, 79, '1997-02-06');
INSERT INTO Orders VALUES(10439, 51, '1997-02-07');
INSERT INTO Orders VALUES(10440, 71, '1997-02-10');
INSERT INTO Orders VALUES(10441, 55, '1997-02-10');
INSERT INTO Orders VALUES(10442, 20, '1997-02-11');
INSERT INTO Orders VALUES(10443, 66, '1997-02-12');

-- Order Details
INSERT INTO OrderDetails VALUES(1, 10248, 11, 12);
INSERT INTO OrderDetails VALUES(2, 10248, 42, 10);
INSERT INTO OrderDetails VALUES(3, 10248, 72, 5);
INSERT INTO OrderDetails VALUES(4, 10249, 14, 9);
INSERT INTO OrderDetails VALUES(5, 10249, 51, 40);
INSERT INTO OrderDetails VALUES(6, 10250, 41, 10);
INSERT INTO OrderDetails VALUES(7, 10250, 51, 35);
INSERT INTO OrderDetails VALUES(8, 10250, 65, 15);
INSERT INTO OrderDetails VALUES(9, 10251, 22, 6);
INSERT INTO OrderDetails VALUES(10, 10251, 57, 15);
INSERT INTO OrderDetails VALUES(11, 10251, 65, 20);
INSERT INTO OrderDetails VALUES(12, 10252, 20, 40);
INSERT INTO OrderDetails VALUES(13, 10252, 33, 25);
INSERT INTO OrderDetails VALUES(14, 10252, 60, 40);
INSERT INTO OrderDetails VALUES(15, 10253, 31, 20);
INSERT INTO OrderDetails VALUES(16, 10253, 39, 42);
INSERT INTO OrderDetails VALUES(17, 10253, 49, 40);
INSERT INTO OrderDetails VALUES(18, 10254, 24, 15);
INSERT INTO OrderDetails VALUES(19, 10254, 55, 21);
INSERT INTO OrderDetails VALUES(20, 10254, 74, 21);
INSERT INTO OrderDetails VALUES(21, 10255, 2, 20);
INSERT INTO OrderDetails VALUES(22, 10255, 16, 35);
INSERT INTO OrderDetails VALUES(23, 10255, 36, 25);
INSERT INTO OrderDetails VALUES(24, 10255, 59, 30);
INSERT INTO OrderDetails VALUES(25, 10256, 53, 15);
INSERT INTO OrderDetails VALUES(26, 10256, 77, 12);
INSERT INTO OrderDetails VALUES(27, 10257, 27, 25);
INSERT INTO OrderDetails VALUES(28, 10257, 39, 6);
INSERT INTO OrderDetails VALUES(29, 10257, 77, 15);
INSERT INTO OrderDetails VALUES(30, 10258, 2, 50);
INSERT INTO OrderDetails VALUES(31, 10258, 5, 65);
INSERT INTO OrderDetails VALUES(32, 10258, 32, 6);
INSERT INTO OrderDetails VALUES(33, 10259, 21, 10);
INSERT INTO OrderDetails VALUES(34, 10259, 37, 1);
INSERT INTO OrderDetails VALUES(35, 10260, 41, 16);
INSERT INTO OrderDetails VALUES(36, 10260, 57, 50);
INSERT INTO OrderDetails VALUES(37, 10260, 62, 15);
INSERT INTO OrderDetails VALUES(38, 10260, 70, 21);
INSERT INTO OrderDetails VALUES(39, 10261, 21, 20);
INSERT INTO OrderDetails VALUES(40, 10261, 35, 20);
INSERT INTO OrderDetails VALUES(41, 10262, 5, 12);
INSERT INTO OrderDetails VALUES(42, 10262, 7, 15);
INSERT INTO OrderDetails VALUES(43, 10262, 56, 2);
INSERT INTO OrderDetails VALUES(44, 10263, 16, 60);
INSERT INTO OrderDetails VALUES(45, 10263, 24, 28);
INSERT INTO OrderDetails VALUES(46, 10263, 30, 60);
INSERT INTO OrderDetails VALUES(47, 10263, 74, 36);
INSERT INTO OrderDetails VALUES(48, 10264, 2, 35);
INSERT INTO OrderDetails VALUES(49, 10264, 41, 25);
INSERT INTO OrderDetails VALUES(50, 10265, 17, 30);
INSERT INTO OrderDetails VALUES(51, 10265, 70, 20);
INSERT INTO OrderDetails VALUES(52, 10266, 12, 12);
INSERT INTO OrderDetails VALUES(53, 10267, 40, 50);
INSERT INTO OrderDetails VALUES(54, 10267, 59, 70);
INSERT INTO OrderDetails VALUES(55, 10267, 76, 15);
INSERT INTO OrderDetails VALUES(56, 10268, 29, 10);
INSERT INTO OrderDetails VALUES(57, 10268, 72, 4);
INSERT INTO OrderDetails VALUES(58, 10269, 33, 60);
INSERT INTO OrderDetails VALUES(59, 10269, 72, 20);
INSERT INTO OrderDetails VALUES(60, 10270, 36, 30);
INSERT INTO OrderDetails VALUES(61, 10270, 43, 25);
INSERT INTO OrderDetails VALUES(62, 10271, 33, 24);
INSERT INTO OrderDetails VALUES(63, 10272, 20, 6);
INSERT INTO OrderDetails VALUES(64, 10272, 31, 40);
INSERT INTO OrderDetails VALUES(65, 10272, 72, 24);
INSERT INTO OrderDetails VALUES(66, 10273, 10, 24);
INSERT INTO OrderDetails VALUES(67, 10273, 31, 15);
INSERT INTO OrderDetails VALUES(68, 10273, 33, 20);
INSERT INTO OrderDetails VALUES(69, 10273, 40, 60);
INSERT INTO OrderDetails VALUES(70, 10273, 76, 33);
INSERT INTO OrderDetails VALUES(71, 10274, 71, 20);
INSERT INTO OrderDetails VALUES(72, 10274, 72, 7);
INSERT INTO OrderDetails VALUES(73, 10275, 24, 12);
INSERT INTO OrderDetails VALUES(74, 10275, 59, 6);
INSERT INTO OrderDetails VALUES(75, 10276, 10, 15);
INSERT INTO OrderDetails VALUES(76, 10276, 13, 10);
INSERT INTO OrderDetails VALUES(77, 10277, 28, 20);
INSERT INTO OrderDetails VALUES(78, 10277, 62, 12);
INSERT INTO OrderDetails VALUES(79, 10278, 44, 16);
INSERT INTO OrderDetails VALUES(80, 10278, 59, 15);
INSERT INTO OrderDetails VALUES(81, 10278, 63, 8);
INSERT INTO OrderDetails VALUES(82, 10278, 73, 25);
INSERT INTO OrderDetails VALUES(83, 10279, 17, 15);
INSERT INTO OrderDetails VALUES(84, 10280, 24, 12);
INSERT INTO OrderDetails VALUES(85, 10280, 55, 20);
INSERT INTO OrderDetails VALUES(86, 10280, 75, 30);
INSERT INTO OrderDetails VALUES(87, 10281, 19, 1);
INSERT INTO OrderDetails VALUES(88, 10281, 24, 6);
INSERT INTO OrderDetails VALUES(89, 10281, 35, 4);
INSERT INTO OrderDetails VALUES(90, 10282, 30, 6);
INSERT INTO OrderDetails VALUES(91, 10282, 57, 2);
INSERT INTO OrderDetails VALUES(92, 10283, 15, 20);
INSERT INTO OrderDetails VALUES(93, 10283, 19, 18);
INSERT INTO OrderDetails VALUES(94, 10283, 60, 35);
INSERT INTO OrderDetails VALUES(95, 10283, 72, 3);
INSERT INTO OrderDetails VALUES(96, 10284, 27, 15);
INSERT INTO OrderDetails VALUES(97, 10284, 44, 21);
INSERT INTO OrderDetails VALUES(98, 10284, 60, 20);
INSERT INTO OrderDetails VALUES(99, 10284, 67, 5);
INSERT INTO OrderDetails VALUES(100, 10285, 1, 45);
INSERT INTO OrderDetails VALUES(101, 10285, 40, 40);
INSERT INTO OrderDetails VALUES(102, 10285, 53, 36);
INSERT INTO OrderDetails VALUES(103, 10286, 35, 100);
INSERT INTO OrderDetails VALUES(104, 10286, 62, 40);
INSERT INTO OrderDetails VALUES(105, 10287, 16, 40);
INSERT INTO OrderDetails VALUES(106, 10287, 34, 20);
INSERT INTO OrderDetails VALUES(107, 10287, 46, 15);
INSERT INTO OrderDetails VALUES(108, 10288, 54, 10);
INSERT INTO OrderDetails VALUES(109, 10288, 68, 3);
INSERT INTO OrderDetails VALUES(110, 10289, 3, 30);
INSERT INTO OrderDetails VALUES(111, 10289, 64, 9);
INSERT INTO OrderDetails VALUES(112, 10290, 5, 20);
INSERT INTO OrderDetails VALUES(113, 10290, 29, 15);
INSERT INTO OrderDetails VALUES(114, 10290, 49, 15);
INSERT INTO OrderDetails VALUES(115, 10290, 77, 10);
INSERT INTO OrderDetails VALUES(116, 10291, 13, 20);
INSERT INTO OrderDetails VALUES(117, 10291, 44, 24);
INSERT INTO OrderDetails VALUES(118, 10291, 51, 2);
INSERT INTO OrderDetails VALUES(119, 10292, 20, 20);
INSERT INTO OrderDetails VALUES(120, 10293, 18, 12);
INSERT INTO OrderDetails VALUES(121, 10293, 24, 10);
INSERT INTO OrderDetails VALUES(122, 10293, 63, 5);
INSERT INTO OrderDetails VALUES(123, 10293, 75, 6);
INSERT INTO OrderDetails VALUES(124, 10294, 1, 18);
INSERT INTO OrderDetails VALUES(125, 10294, 17, 15);
INSERT INTO OrderDetails VALUES(126, 10294, 43, 15);
INSERT INTO OrderDetails VALUES(127, 10294, 60, 21);
INSERT INTO OrderDetails VALUES(128, 10294, 75, 6);
INSERT INTO OrderDetails VALUES(129, 10295, 56, 4);
INSERT INTO OrderDetails VALUES(130, 10296, 11, 12);
INSERT INTO OrderDetails VALUES(131, 10296, 16, 30);
INSERT INTO OrderDetails VALUES(132, 10296, 69, 15);
INSERT INTO OrderDetails VALUES(133, 10297, 39, 60);
INSERT INTO OrderDetails VALUES(134, 10297, 72, 20);
INSERT INTO OrderDetails VALUES(135, 10298, 2, 40);
INSERT INTO OrderDetails VALUES(136, 10298, 36, 40);
INSERT INTO OrderDetails VALUES(137, 10298, 59, 30);
INSERT INTO OrderDetails VALUES(138, 10298, 62, 15);
INSERT INTO OrderDetails VALUES(139, 10299, 19, 15);
INSERT INTO OrderDetails VALUES(140, 10299, 70, 20);
INSERT INTO OrderDetails VALUES(141, 10300, 66, 30);
INSERT INTO OrderDetails VALUES(142, 10300, 68, 20);
INSERT INTO OrderDetails VALUES(143, 10301, 40, 10);
INSERT INTO OrderDetails VALUES(144, 10301, 56, 20);
INSERT INTO OrderDetails VALUES(145, 10302, 17, 40);
INSERT INTO OrderDetails VALUES(146, 10302, 28, 28);
INSERT INTO OrderDetails VALUES(147, 10302, 43, 12);
INSERT INTO OrderDetails VALUES(148, 10303, 40, 40);
INSERT INTO OrderDetails VALUES(149, 10303, 65, 30);
INSERT INTO OrderDetails VALUES(150, 10303, 68, 15);
INSERT INTO OrderDetails VALUES(151, 10304, 49, 30);
INSERT INTO OrderDetails VALUES(152, 10304, 59, 10);
INSERT INTO OrderDetails VALUES(153, 10304, 71, 2);
INSERT INTO OrderDetails VALUES(154, 10305, 18, 25);
INSERT INTO OrderDetails VALUES(155, 10305, 29, 25);
INSERT INTO OrderDetails VALUES(156, 10305, 39, 30);
INSERT INTO OrderDetails VALUES(157, 10306, 30, 10);
INSERT INTO OrderDetails VALUES(158, 10306, 53, 10);
INSERT INTO OrderDetails VALUES(159, 10306, 54, 5);
INSERT INTO OrderDetails VALUES(160, 10307, 62, 10);
INSERT INTO OrderDetails VALUES(161, 10307, 68, 3);
INSERT INTO OrderDetails VALUES(162, 10308, 69, 1);
INSERT INTO OrderDetails VALUES(163, 10308, 70, 5);
INSERT INTO OrderDetails VALUES(164, 10309, 4, 20);
INSERT INTO OrderDetails VALUES(165, 10309, 6, 30);
INSERT INTO OrderDetails VALUES(166, 10309, 42, 2);
INSERT INTO OrderDetails VALUES(167, 10309, 43, 20);
INSERT INTO OrderDetails VALUES(168, 10309, 71, 3);
INSERT INTO OrderDetails VALUES(169, 10310, 16, 10);
INSERT INTO OrderDetails VALUES(170, 10310, 62, 5);
INSERT INTO OrderDetails VALUES(171, 10311, 42, 6);
INSERT INTO OrderDetails VALUES(172, 10311, 69, 7);
INSERT INTO OrderDetails VALUES(173, 10312, 28, 4);
INSERT INTO OrderDetails VALUES(174, 10312, 43, 24);
INSERT INTO OrderDetails VALUES(175, 10312, 53, 20);
INSERT INTO OrderDetails VALUES(176, 10312, 75, 10);
INSERT INTO OrderDetails VALUES(177, 10313, 36, 12);
INSERT INTO OrderDetails VALUES(178, 10314, 32, 40);
INSERT INTO OrderDetails VALUES(179, 10314, 58, 30);
INSERT INTO OrderDetails VALUES(180, 10314, 62, 25);
INSERT INTO OrderDetails VALUES(181, 10315, 34, 14);
INSERT INTO OrderDetails VALUES(182, 10315, 70, 30);
INSERT INTO OrderDetails VALUES(183, 10316, 41, 10);
INSERT INTO OrderDetails VALUES(184, 10316, 62, 70);
INSERT INTO OrderDetails VALUES(185, 10317, 1, 20);
INSERT INTO OrderDetails VALUES(186, 10318, 41, 20);
INSERT INTO OrderDetails VALUES(187, 10318, 76, 6);
INSERT INTO OrderDetails VALUES(188, 10319, 17, 8);
INSERT INTO OrderDetails VALUES(189, 10319, 28, 14);
INSERT INTO OrderDetails VALUES(190, 10319, 76, 30);
INSERT INTO OrderDetails VALUES(191, 10320, 71, 30);
INSERT INTO OrderDetails VALUES(192, 10321, 35, 10);
INSERT INTO OrderDetails VALUES(193, 10322, 52, 20);
INSERT INTO OrderDetails VALUES(194, 10323, 15, 5);
INSERT INTO OrderDetails VALUES(195, 10323, 25, 4);
INSERT INTO OrderDetails VALUES(196, 10323, 39, 4);
INSERT INTO OrderDetails VALUES(197, 10324, 16, 21);
INSERT INTO OrderDetails VALUES(198, 10324, 35, 70);
INSERT INTO OrderDetails VALUES(199, 10324, 46, 30);
INSERT INTO OrderDetails VALUES(200, 10324, 59, 40);
INSERT INTO OrderDetails VALUES(201, 10324, 63, 80);
INSERT INTO OrderDetails VALUES(202, 10325, 6, 6);
INSERT INTO OrderDetails VALUES(203, 10325, 13, 12);
INSERT INTO OrderDetails VALUES(204, 10325, 14, 9);
INSERT INTO OrderDetails VALUES(205, 10325, 31, 4);
INSERT INTO OrderDetails VALUES(206, 10325, 72, 40);
INSERT INTO OrderDetails VALUES(207, 10326, 4, 24);
INSERT INTO OrderDetails VALUES(208, 10326, 57, 16);
INSERT INTO OrderDetails VALUES(209, 10326, 75, 50);
INSERT INTO OrderDetails VALUES(210, 10327, 2, 25);
INSERT INTO OrderDetails VALUES(211, 10327, 11, 50);
INSERT INTO OrderDetails VALUES(212, 10327, 30, 35);
INSERT INTO OrderDetails VALUES(213, 10327, 58, 30);
INSERT INTO OrderDetails VALUES(214, 10328, 59, 9);
INSERT INTO OrderDetails VALUES(215, 10328, 65, 40);
INSERT INTO OrderDetails VALUES(216, 10328, 68, 10);
INSERT INTO OrderDetails VALUES(217, 10329, 19, 10);
INSERT INTO OrderDetails VALUES(218, 10329, 30, 8);
INSERT INTO OrderDetails VALUES(219, 10329, 38, 20);
INSERT INTO OrderDetails VALUES(220, 10329, 56, 12);
INSERT INTO OrderDetails VALUES(221, 10330, 26, 50);
INSERT INTO OrderDetails VALUES(222, 10330, 72, 25);
INSERT INTO OrderDetails VALUES(223, 10331, 54, 15);
INSERT INTO OrderDetails VALUES(224, 10332, 18, 40);
INSERT INTO OrderDetails VALUES(225, 10332, 42, 10);
INSERT INTO OrderDetails VALUES(226, 10332, 47, 16);
INSERT INTO OrderDetails VALUES(227, 10333, 14, 10);
INSERT INTO OrderDetails VALUES(228, 10333, 21, 10);
INSERT INTO OrderDetails VALUES(229, 10333, 71, 40);
INSERT INTO OrderDetails VALUES(230, 10334, 52, 8);
INSERT INTO OrderDetails VALUES(231, 10334, 68, 10);
INSERT INTO OrderDetails VALUES(232, 10335, 2, 7);
INSERT INTO OrderDetails VALUES(233, 10335, 31, 25);
INSERT INTO OrderDetails VALUES(234, 10335, 32, 6);
INSERT INTO OrderDetails VALUES(235, 10335, 51, 48);
INSERT INTO OrderDetails VALUES(236, 10336, 4, 18);
INSERT INTO OrderDetails VALUES(237, 10337, 23, 40);
INSERT INTO OrderDetails VALUES(238, 10337, 26, 24);
INSERT INTO OrderDetails VALUES(239, 10337, 36, 20);
INSERT INTO OrderDetails VALUES(240, 10337, 37, 28);
INSERT INTO OrderDetails VALUES(241, 10337, 72, 25);
INSERT INTO OrderDetails VALUES(242, 10338, 17, 20);
INSERT INTO OrderDetails VALUES(243, 10338, 30, 15);
INSERT INTO OrderDetails VALUES(244, 10339, 4, 10);
INSERT INTO OrderDetails VALUES(245, 10339, 17, 70);
INSERT INTO OrderDetails VALUES(246, 10339, 62, 28);
INSERT INTO OrderDetails VALUES(247, 10340, 18, 20);
INSERT INTO OrderDetails VALUES(248, 10340, 41, 12);
INSERT INTO OrderDetails VALUES(249, 10340, 43, 40);
INSERT INTO OrderDetails VALUES(250, 10341, 33, 8);
INSERT INTO OrderDetails VALUES(251, 10341, 59, 9);
INSERT INTO OrderDetails VALUES(252, 10342, 2, 24);
INSERT INTO OrderDetails VALUES(253, 10342, 31, 56);
INSERT INTO OrderDetails VALUES(254, 10342, 36, 40);
INSERT INTO OrderDetails VALUES(255, 10342, 55, 40);
INSERT INTO OrderDetails VALUES(256, 10343, 64, 50);
INSERT INTO OrderDetails VALUES(257, 10343, 68, 4);
INSERT INTO OrderDetails VALUES(258, 10343, 76, 15);
INSERT INTO OrderDetails VALUES(259, 10344, 4, 35);
INSERT INTO OrderDetails VALUES(260, 10344, 8, 70);
INSERT INTO OrderDetails VALUES(261, 10345, 8, 70);
INSERT INTO OrderDetails VALUES(262, 10345, 19, 80);
INSERT INTO OrderDetails VALUES(263, 10345, 42, 9);
INSERT INTO OrderDetails VALUES(264, 10346, 17, 36);
INSERT INTO OrderDetails VALUES(265, 10346, 56, 20);
INSERT INTO OrderDetails VALUES(266, 10347, 25, 10);
INSERT INTO OrderDetails VALUES(267, 10347, 39, 50);
INSERT INTO OrderDetails VALUES(268, 10347, 40, 4);
INSERT INTO OrderDetails VALUES(269, 10347, 75, 6);
INSERT INTO OrderDetails VALUES(270, 10348, 1, 15);
INSERT INTO OrderDetails VALUES(271, 10348, 23, 25);
INSERT INTO OrderDetails VALUES(272, 10349, 54, 24);
INSERT INTO OrderDetails VALUES(273, 10350, 50, 15);
INSERT INTO OrderDetails VALUES(274, 10350, 69, 18);
INSERT INTO OrderDetails VALUES(275, 10351, 38, 20);
INSERT INTO OrderDetails VALUES(276, 10351, 41, 13);
INSERT INTO OrderDetails VALUES(277, 10351, 44, 77);
INSERT INTO OrderDetails VALUES(278, 10351, 65, 10);
INSERT INTO OrderDetails VALUES(279, 10352, 24, 10);
INSERT INTO OrderDetails VALUES(280, 10352, 54, 20);
INSERT INTO OrderDetails VALUES(281, 10353, 11, 12);
INSERT INTO OrderDetails VALUES(282, 10353, 38, 50);
INSERT INTO OrderDetails VALUES(283, 10354, 1, 12);
INSERT INTO OrderDetails VALUES(284, 10354, 29, 4);
INSERT INTO OrderDetails VALUES(285, 10355, 24, 25);
INSERT INTO OrderDetails VALUES(286, 10355, 57, 25);
INSERT INTO OrderDetails VALUES(287, 10356, 31, 30);
INSERT INTO OrderDetails VALUES(288, 10356, 55, 12);
INSERT INTO OrderDetails VALUES(289, 10356, 69, 20);
INSERT INTO OrderDetails VALUES(290, 10357, 10, 30);
INSERT INTO OrderDetails VALUES(291, 10357, 26, 16);
INSERT INTO OrderDetails VALUES(292, 10357, 60, 8);
INSERT INTO OrderDetails VALUES(293, 10358, 24, 10);
INSERT INTO OrderDetails VALUES(294, 10358, 34, 10);
INSERT INTO OrderDetails VALUES(295, 10358, 36, 20);
INSERT INTO OrderDetails VALUES(296, 10359, 16, 56);
INSERT INTO OrderDetails VALUES(297, 10359, 31, 70);
INSERT INTO OrderDetails VALUES(298, 10359, 60, 80);
INSERT INTO OrderDetails VALUES(299, 10360, 28, 30);
INSERT INTO OrderDetails VALUES(300, 10360, 29, 35);
INSERT INTO OrderDetails VALUES(301, 10360, 38, 10);
INSERT INTO OrderDetails VALUES(302, 10360, 49, 35);
INSERT INTO OrderDetails VALUES(303, 10360, 54, 28);
INSERT INTO OrderDetails VALUES(304, 10361, 39, 54);
INSERT INTO OrderDetails VALUES(305, 10361, 60, 55);
INSERT INTO OrderDetails VALUES(306, 10362, 25, 50);
INSERT INTO OrderDetails VALUES(307, 10362, 51, 20);
INSERT INTO OrderDetails VALUES(308, 10362, 54, 24);
INSERT INTO OrderDetails VALUES(309, 10363, 31, 20);
INSERT INTO OrderDetails VALUES(310, 10363, 75, 12);
INSERT INTO OrderDetails VALUES(311, 10363, 76, 12);
INSERT INTO OrderDetails VALUES(312, 10364, 69, 30);
INSERT INTO OrderDetails VALUES(313, 10364, 71, 5);
INSERT INTO OrderDetails VALUES(314, 10365, 11, 24);
INSERT INTO OrderDetails VALUES(315, 10366, 65, 5);
INSERT INTO OrderDetails VALUES(316, 10366, 77, 5);
INSERT INTO OrderDetails VALUES(317, 10367, 34, 36);
INSERT INTO OrderDetails VALUES(318, 10367, 54, 18);
INSERT INTO OrderDetails VALUES(319, 10367, 65, 15);
INSERT INTO OrderDetails VALUES(320, 10367, 77, 7);
INSERT INTO OrderDetails VALUES(321, 10368, 21, 5);
INSERT INTO OrderDetails VALUES(322, 10368, 28, 13);
INSERT INTO OrderDetails VALUES(323, 10368, 57, 25);
INSERT INTO OrderDetails VALUES(324, 10368, 64, 35);
INSERT INTO OrderDetails VALUES(325, 10369, 29, 20);
INSERT INTO OrderDetails VALUES(326, 10369, 56, 18);
INSERT INTO OrderDetails VALUES(327, 10370, 1, 15);
INSERT INTO OrderDetails VALUES(328, 10370, 64, 30);
INSERT INTO OrderDetails VALUES(329, 10370, 74, 20);
INSERT INTO OrderDetails VALUES(330, 10371, 36, 6);
INSERT INTO OrderDetails VALUES(331, 10372, 20, 12);
INSERT INTO OrderDetails VALUES(332, 10372, 38, 40);
INSERT INTO OrderDetails VALUES(333, 10372, 60, 70);
INSERT INTO OrderDetails VALUES(334, 10372, 72, 42);
INSERT INTO OrderDetails VALUES(335, 10373, 58, 80);
INSERT INTO OrderDetails VALUES(336, 10373, 71, 50);
INSERT INTO OrderDetails VALUES(337, 10374, 31, 30);
INSERT INTO OrderDetails VALUES(338, 10374, 58, 15);
INSERT INTO OrderDetails VALUES(339, 10375, 14, 15);
INSERT INTO OrderDetails VALUES(340, 10375, 54, 10);
INSERT INTO OrderDetails VALUES(341, 10376, 31, 42);
INSERT INTO OrderDetails VALUES(342, 10377, 28, 20);
INSERT INTO OrderDetails VALUES(343, 10377, 39, 20);
INSERT INTO OrderDetails VALUES(344, 10378, 71, 6);
INSERT INTO OrderDetails VALUES(345, 10379, 41, 8);
INSERT INTO OrderDetails VALUES(346, 10379, 63, 16);
INSERT INTO OrderDetails VALUES(347, 10379, 65, 20);
INSERT INTO OrderDetails VALUES(348, 10380, 30, 18);
INSERT INTO OrderDetails VALUES(349, 10380, 53, 20);
INSERT INTO OrderDetails VALUES(350, 10380, 60, 6);
INSERT INTO OrderDetails VALUES(351, 10380, 70, 30);
INSERT INTO OrderDetails VALUES(352, 10381, 74, 14);
INSERT INTO OrderDetails VALUES(353, 10382, 5, 32);
INSERT INTO OrderDetails VALUES(354, 10382, 18, 9);
INSERT INTO OrderDetails VALUES(355, 10382, 29, 14);
INSERT INTO OrderDetails VALUES(356, 10382, 33, 60);
INSERT INTO OrderDetails VALUES(357, 10382, 74, 50);
INSERT INTO OrderDetails VALUES(358, 10383, 13, 20);
INSERT INTO OrderDetails VALUES(359, 10383, 50, 15);
INSERT INTO OrderDetails VALUES(360, 10383, 56, 20);
INSERT INTO OrderDetails VALUES(361, 10384, 20, 28);
INSERT INTO OrderDetails VALUES(362, 10384, 60, 15);
INSERT INTO OrderDetails VALUES(363, 10385, 7, 10);
INSERT INTO OrderDetails VALUES(364, 10385, 60, 20);
INSERT INTO OrderDetails VALUES(365, 10385, 68, 8);
INSERT INTO OrderDetails VALUES(366, 10386, 24, 15);
INSERT INTO OrderDetails VALUES(367, 10386, 34, 10);
INSERT INTO OrderDetails VALUES(368, 10387, 24, 15);
INSERT INTO OrderDetails VALUES(369, 10387, 28, 6);
INSERT INTO OrderDetails VALUES(370, 10387, 59, 12);
INSERT INTO OrderDetails VALUES(371, 10387, 71, 15);
INSERT INTO OrderDetails VALUES(372, 10388, 45, 15);
INSERT INTO OrderDetails VALUES(373, 10388, 52, 20);
INSERT INTO OrderDetails VALUES(374, 10388, 53, 40);
INSERT INTO OrderDetails VALUES(375, 10389, 10, 16);
INSERT INTO OrderDetails VALUES(376, 10389, 55, 15);
INSERT INTO OrderDetails VALUES(377, 10389, 62, 20);
INSERT INTO OrderDetails VALUES(378, 10389, 70, 30);
INSERT INTO OrderDetails VALUES(379, 10390, 31, 60);
INSERT INTO OrderDetails VALUES(380, 10390, 35, 40);
INSERT INTO OrderDetails VALUES(381, 10390, 46, 45);
INSERT INTO OrderDetails VALUES(382, 10390, 72, 24);
INSERT INTO OrderDetails VALUES(383, 10391, 13, 18);
INSERT INTO OrderDetails VALUES(384, 10392, 69, 50);
INSERT INTO OrderDetails VALUES(385, 10393, 2, 25);
INSERT INTO OrderDetails VALUES(386, 10393, 14, 42);
INSERT INTO OrderDetails VALUES(387, 10393, 25, 7);
INSERT INTO OrderDetails VALUES(388, 10393, 26, 70);
INSERT INTO OrderDetails VALUES(389, 10393, 31, 32);
INSERT INTO OrderDetails VALUES(390, 10394, 13, 10);
INSERT INTO OrderDetails VALUES(391, 10394, 62, 10);
INSERT INTO OrderDetails VALUES(392, 10395, 46, 28);
INSERT INTO OrderDetails VALUES(393, 10395, 53, 70);
INSERT INTO OrderDetails VALUES(394, 10395, 69, 8);
INSERT INTO OrderDetails VALUES(395, 10396, 23, 40);
INSERT INTO OrderDetails VALUES(396, 10396, 71, 60);
INSERT INTO OrderDetails VALUES(397, 10396, 72, 21);
INSERT INTO OrderDetails VALUES(398, 10397, 21, 10);
INSERT INTO OrderDetails VALUES(399, 10397, 51, 18);
INSERT INTO OrderDetails VALUES(400, 10398, 35, 30);
INSERT INTO OrderDetails VALUES(401, 10398, 55, 120);
INSERT INTO OrderDetails VALUES(402, 10399, 68, 60);
INSERT INTO OrderDetails VALUES(403, 10399, 71, 30);
INSERT INTO OrderDetails VALUES(404, 10399, 76, 35);
INSERT INTO OrderDetails VALUES(405, 10399, 77, 14);
INSERT INTO OrderDetails VALUES(406, 10400, 29, 21);
INSERT INTO OrderDetails VALUES(407, 10400, 35, 35);
INSERT INTO OrderDetails VALUES(408, 10400, 49, 30);
INSERT INTO OrderDetails VALUES(409, 10401, 30, 18);
INSERT INTO OrderDetails VALUES(410, 10401, 56, 70);
INSERT INTO OrderDetails VALUES(411, 10401, 65, 20);
INSERT INTO OrderDetails VALUES(412, 10401, 71, 60);
INSERT INTO OrderDetails VALUES(413, 10402, 23, 60);
INSERT INTO OrderDetails VALUES(414, 10402, 63, 65);
INSERT INTO OrderDetails VALUES(415, 10403, 16, 21);
INSERT INTO OrderDetails VALUES(416, 10403, 48, 70);
INSERT INTO OrderDetails VALUES(417, 10404, 26, 30);
INSERT INTO OrderDetails VALUES(418, 10404, 42, 40);
INSERT INTO OrderDetails VALUES(419, 10404, 49, 30);
INSERT INTO OrderDetails VALUES(420, 10405, 3, 50);
INSERT INTO OrderDetails VALUES(421, 10406, 1, 10);
INSERT INTO OrderDetails VALUES(422, 10406, 21, 30);
INSERT INTO OrderDetails VALUES(423, 10406, 28, 42);
INSERT INTO OrderDetails VALUES(424, 10406, 36, 5);
INSERT INTO OrderDetails VALUES(425, 10406, 40, 2);
INSERT INTO OrderDetails VALUES(426, 10407, 11, 30);
INSERT INTO OrderDetails VALUES(427, 10407, 69, 15);
INSERT INTO OrderDetails VALUES(428, 10407, 71, 15);
INSERT INTO OrderDetails VALUES(429, 10408, 37, 10);
INSERT INTO OrderDetails VALUES(430, 10408, 54, 6);
INSERT INTO OrderDetails VALUES(431, 10408, 62, 35);
INSERT INTO OrderDetails VALUES(432, 10409, 14, 12);
INSERT INTO OrderDetails VALUES(433, 10409, 21, 12);
INSERT INTO OrderDetails VALUES(434, 10410, 33, 49);
INSERT INTO OrderDetails VALUES(435, 10410, 59, 16);
INSERT INTO OrderDetails VALUES(436, 10411, 41, 25);
INSERT INTO OrderDetails VALUES(437, 10411, 44, 40);
INSERT INTO OrderDetails VALUES(438, 10411, 59, 9);
INSERT INTO OrderDetails VALUES(439, 10412, 14, 20);
INSERT INTO OrderDetails VALUES(440, 10413, 1, 24);
INSERT INTO OrderDetails VALUES(441, 10413, 62, 40);
INSERT INTO OrderDetails VALUES(442, 10413, 76, 14);
INSERT INTO OrderDetails VALUES(443, 10414, 19, 18);
INSERT INTO OrderDetails VALUES(444, 10414, 33, 50);
INSERT INTO OrderDetails VALUES(445, 10415, 17, 2);
INSERT INTO OrderDetails VALUES(446, 10415, 33, 20);
INSERT INTO OrderDetails VALUES(447, 10416, 19, 20);
INSERT INTO OrderDetails VALUES(448, 10416, 53, 10);
INSERT INTO OrderDetails VALUES(449, 10416, 57, 20);
INSERT INTO OrderDetails VALUES(450, 10417, 38, 50);
INSERT INTO OrderDetails VALUES(451, 10417, 46, 2);
INSERT INTO OrderDetails VALUES(452, 10417, 68, 36);
INSERT INTO OrderDetails VALUES(453, 10417, 77, 35);
INSERT INTO OrderDetails VALUES(454, 10418, 2, 60);
INSERT INTO OrderDetails VALUES(455, 10418, 47, 55);
INSERT INTO OrderDetails VALUES(456, 10418, 61, 16);
INSERT INTO OrderDetails VALUES(457, 10418, 74, 15);
INSERT INTO OrderDetails VALUES(458, 10419, 60, 60);
INSERT INTO OrderDetails VALUES(459, 10419, 69, 20);
INSERT INTO OrderDetails VALUES(460, 10420, 9, 20);
INSERT INTO OrderDetails VALUES(461, 10420, 13, 2);
INSERT INTO OrderDetails VALUES(462, 10420, 70, 8);
INSERT INTO OrderDetails VALUES(463, 10420, 73, 20);
INSERT INTO OrderDetails VALUES(464, 10421, 19, 4);
INSERT INTO OrderDetails VALUES(465, 10421, 26, 30);
INSERT INTO OrderDetails VALUES(466, 10421, 53, 15);
INSERT INTO OrderDetails VALUES(467, 10421, 77, 10);
INSERT INTO OrderDetails VALUES(468, 10422, 26, 2);
INSERT INTO OrderDetails VALUES(469, 10423, 31, 14);
INSERT INTO OrderDetails VALUES(470, 10423, 59, 20);
INSERT INTO OrderDetails VALUES(471, 10424, 35, 60);
INSERT INTO OrderDetails VALUES(472, 10424, 38, 49);
INSERT INTO OrderDetails VALUES(473, 10424, 68, 30);
INSERT INTO OrderDetails VALUES(474, 10425, 55, 10);
INSERT INTO OrderDetails VALUES(475, 10425, 76, 20);
INSERT INTO OrderDetails VALUES(476, 10426, 56, 5);
INSERT INTO OrderDetails VALUES(477, 10426, 64, 7);
INSERT INTO OrderDetails VALUES(478, 10427, 14, 35);
INSERT INTO OrderDetails VALUES(479, 10428, 46, 20);
INSERT INTO OrderDetails VALUES(480, 10429, 50, 40);
INSERT INTO OrderDetails VALUES(481, 10429, 63, 35);
INSERT INTO OrderDetails VALUES(482, 10430, 17, 45);
INSERT INTO OrderDetails VALUES(483, 10430, 21, 50);
INSERT INTO OrderDetails VALUES(484, 10430, 56, 30);
INSERT INTO OrderDetails VALUES(485, 10430, 59, 70);
INSERT INTO OrderDetails VALUES(486, 10431, 17, 50);
INSERT INTO OrderDetails VALUES(487, 10431, 40, 50);
INSERT INTO OrderDetails VALUES(488, 10431, 47, 30);
INSERT INTO OrderDetails VALUES(489, 10432, 26, 10);
INSERT INTO OrderDetails VALUES(490, 10432, 54, 40);
INSERT INTO OrderDetails VALUES(491, 10433, 56, 28);
INSERT INTO OrderDetails VALUES(492, 10434, 11, 6);
INSERT INTO OrderDetails VALUES(493, 10434, 76, 18);
INSERT INTO OrderDetails VALUES(494, 10435, 2, 10);
INSERT INTO OrderDetails VALUES(495, 10435, 22, 12);
INSERT INTO OrderDetails VALUES(496, 10435, 72, 10);
INSERT INTO OrderDetails VALUES(497, 10436, 46, 5);
INSERT INTO OrderDetails VALUES(498, 10436, 56, 40);
INSERT INTO OrderDetails VALUES(499, 10436, 64, 30);
INSERT INTO OrderDetails VALUES(500, 10436, 75, 24);
INSERT INTO OrderDetails VALUES(501, 10437, 53, 15);
INSERT INTO OrderDetails VALUES(502, 10438, 19, 15);
INSERT INTO OrderDetails VALUES(503, 10438, 34, 20);
INSERT INTO OrderDetails VALUES(504, 10438, 57, 15);
INSERT INTO OrderDetails VALUES(505, 10439, 12, 15);
INSERT INTO OrderDetails VALUES(506, 10439, 16, 16);
INSERT INTO OrderDetails VALUES(507, 10439, 64, 6);
INSERT INTO OrderDetails VALUES(508, 10439, 74, 30);
INSERT INTO OrderDetails VALUES(509, 10440, 2, 45);
INSERT INTO OrderDetails VALUES(510, 10440, 16, 49);
INSERT INTO OrderDetails VALUES(511, 10440, 29, 24);
INSERT INTO OrderDetails VALUES(512, 10440, 61, 90);
INSERT INTO OrderDetails VALUES(513, 10441, 27, 50);
INSERT INTO OrderDetails VALUES(514, 10442, 11, 30);
INSERT INTO OrderDetails VALUES(515, 10442, 54, 80);
INSERT INTO OrderDetails VALUES(516, 10442, 66, 60);
INSERT INTO OrderDetails VALUES(517, 10443, 11, 6);
INSERT INTO OrderDetails VALUES(518, 10443, 28, 12);
